id_transacao,data,cliente,categoria,valor,metodo_pagamento,status
1001,2025-04-28 17:44:50.981963,Cliente B,Consultoria,1589.57,Cheque,Pago
1002,2026-05-18 02:58:55.070140,Cliente C,CONSULTORIA,5048.72,Multibanco,Pago
1003,2026-02-06 16:47:08.056112,Cliente B,Salários,1178.78,Cheque,Atrasado
1004,2025-11-08 15:55:11.422845,Cliente B,Vendas,11311.03,Multibanco,Pago
1005,2025-05-03 08:33:40.040080,Cliente B,Salários,4120.91,Cartão,Pago
1006,2025-03-23 22:56:30.781563,Cliente A,Salários,,Cartão,Pago
1007,2025-08-06 00:14:25.731462,Cliente A,Salários,7922.35,Cartão,Pago
1008,2025-01-24 02:04:05.290581,Cliente A,Consultoria,12021.21,Transferência,Pendente
1009,2025-04-28 17:44:50.981963,Cliente C,Impostos,14685.02,Cheque,Pago
1010,2025-05-20 16:06:44.008016,Cliente F,Aluguel,12604.84,Cartão,Pago
1011,2026-06-22 21:47:15.270541,Cliente E,Aluguel,13011.56,Transferência,Pago
1012,2025-09-05 00:31:44.609218,Cliente B,Vendas,6149.37,Cheque,Pago
1013,2026-01-16 22:07:27.294589,Cliente B,Consultoria,8298.25,Multibanco,Pendente
1014,2026-06-13 16:09:37.154308,Cliente C,Consultoria,3845.63,Transferência,Atrasado
1015,2025-04-11 10:11:47.014028,Cliente B,Consultoria,2981.89,Numerário,Cancelado
1016,2026-03-06 09:40:02.404809,Cliente A,Fornecedores,7607.34,Transferência,Pendente
1017,2025-04-25 06:38:14.188376,Cliente E,Serviços,8945.98,Transferência,Pago
1018,2026-02-19 09:31:22.965931,Cliente D,Fornecedores,5122.11,Cheque,Pendente
1019,2025-06-24 07:12:51.943887,Cliente B,Serviços,8563.18,Multibanco,Pago
1020,2025-05-31 01:26:34.388777,Cliente A,Consultoria,13317.53,Numerário,Pago
1021,2025-06-21 23:48:27.414829,Cliente D,Consultoria,8372.99,Cartão,Atrasado
1022,2025-12-22 12:38:57.474949,Cliente E,Fornecedores,10826.16,Cartão,Pago
1023,2025-10-24 15:46:31.983967,Cliente D,Fornecedores,12089.46,Transferência,Atrasado
1024,2026-01-31 22:16:06.733466,Cliente A,Serviços,14831.5,Cheque,Pago
1025,2026-07-21 18:22:21.883767,Cliente F,Aluguel,9067.8,Cheque,Pendente
1026,2026-04-22 17:30:25.250501,Cliente F,Serviços,12112.41,Cartão,Pendente
1027,2025-12-05 05:05:53.507014,Cliente D,Fornecedores,14441.61,Numerário,Atrasado
1028,2026-03-21 09:48:41.843687,Cliente C,Impostos,14168.93,Multibanco,Pendente
1029,2025-08-09 11:21:02.525050,Cliente D,Fornecedores,2159.17,Numerário,Pendente
1030,2026-05-27 08:36:33.186372,Cliente B,Impostos,6125.57,Multibanco,Pago
1031,2025-11-15 14:08:25.010020,Cliente B,Vendas,4893.65,Cartão,Pago
1032,2025-07-04 16:32:42.324649,Cliente F,Fornecedores,1349.53,,Pago
1033,2026-06-14 19:51:49.418837,Cliente C,Vendas,,Cheque,Pendente
1034,2025-12-28 07:09:58.797595,Cliente A,Aluguel,11051.77,Transferência,Pago
1035,2025-01-25 05:46:17.555110,Cliente B,Serviços,12729.52,Transferência,Pendente
1036,2025-10-18 21:15:30.661322,Cliente F,Impostos,1885.51,Cartão,Pago
1037,2025-09-29 06:18:02.164328,Cliente E,Serviços,13152.84,Cheque,Pago
1038,2026-02-02 01:58:18.997995,Cliente F,Vendas,9661.74,Numerário,Pendente
1039,2025-02-25 09:45:48.697394,Cliente B,Impostos,10573.99,Cheque,Pago
1040,2026-07-02 03:24:53.386773,Cliente B,Serviços,13663.83,Transferência,Pago
1041,2025-03-08 22:47:51.342685,Cliente F,Fornecedores,9390.18,Transferência,Pago
1042,2025-07-15 01:52:32.705410,Cliente A,Consultoria,5071.19,,Cancelado
1043,2026-07-03 07:07:05.651302,Cliente D,Vendas,12385.35,Cheque,Pendente
1044,2025-08-04 20:32:13.466933,Cliente B,Serviços,5477.74,Transferência,Pago
1045,2026-06-19 10:40:38.476953,Cliente F,Vendas,561.71,Numerário,Pago
1046,2025-11-08 15:55:11.422845,Cliente F,Salários,12468.28,Cartão,Pago
1047,2025-08-07 03:56:37.995991,Cliente C,Vendas,5210.62,Cartão,Pendente
1048,2026-05-29 16:00:57.715430,Cliente D,Impostos,11618.83,Cheque,Pendente
1049,2025-07-20 20:23:34.028056,Cliente E,Salários,5473.23,Cartão,Pago
1050,2026-05-29 16:00:57.715430,Cliente A,Impostos,12922.97,Transferência,Pago
1051,2025-02-27 17:10:13.226452,Cliente E,Consultoria,3331.68,Transferência,Pago
1052,2026-02-24 00:20:12.024048,Cliente D,Salários,14619.48,Cheque,Pendente
1053,2025-03-04 07:59:02.284569,Cliente D,Fornecedores,11707.39,Cheque,Pendente
1054,2025-10-08 11:55:40.280561,Cliente D,Vendas,1757.86,Cheque,Pago
1055,2026-01-04 05:23:12.384769,Cliente E,Serviços,8508.36,Numerário,Pago
1056,2025-05-31 01:26:34.388777,Cliente D,Aluguel,14781.24,Cartão,Pago
1057,2026-07-13 16:26:56.032064,Cliente F,Vendas,7092.43,Cheque,Cancelado
1058,2025-12-20 05:14:32.945891,Cliente E,Vendas,2772.5,Multibanco,Pago
1059,2025-06-04 16:15:23.446893,Cliente D,Consultoria,7297.44,Multibanco,Pendente
1060,2025-01-24 02:04:05.290581,Cliente F,Fornecedores,7711.24,Transferência,Pendente
1061,2026-01-14 14:43:02.765531,Cliente C,Aluguel,11138.22,Cartão,Pago
1062,2025-07-11 14:45:55.911823,Cliente D,Salários,10497.75,Cheque,Pago
1063,2025-11-12 03:01:48.216432,Cliente E,Salários,6068.12,Multibanco,Pago
1064,2026-03-23 17:13:06.372745,Cliente B,Salários,3309.45,Cartão,Pendente
1065,2025-04-12 13:53:59.278557,Cliente D,Impostos,9693.56,Transferência,Pendente
1066,2025-12-30 14:34:23.326653,Cliente B,Impostos,6354.47,Numerário,Pendente
1067,2025-01-16 00:08:39.438877,Cliente F,Serviços,2027.53,Cartão,Pago
1068,2025-10-06 04:31:15.751503,Cliente C,ALUGUEL,13513.56,Cartão,Pago
1069,2025-11-01 17:41:57.835671,Cliente A,Salários,10383.77,Numerário,Cancelado
1070,2026-02-03 05:40:31.262525,Cliente C,Impostos,10263.6,Cartão,Pendente
1071,2025-03-02 00:34:37.755511,Cliente D,Serviços,12347.63,Transferência,Pago
1072,2026-03-21 09:48:41.843687,Cliente B,Fornecedores,7968.44,Transferência,Cancelado
1073,2026-01-27 07:27:17.675350,Cliente B,Serviços,12235.06,Numerário,Pendente
1074,2025-04-16 01:00:36.072144,Cliente E,Impostos,,Cheque,Pago
1075,2026-02-27 11:26:48.817635,Cliente B,Consultoria,1054.27,Multibanco,Pendente
1076,2026-05-27 08:36:33.186372,Cliente E,Consultoria,6108.46,Cheque,Atrasado
1077,2026-06-09 01:20:48.096192,Cliente F,Salários,7487.1,Cartão,Pendente
1078,2026-05-08 21:21:16.953907,Cliente A,Consultoria,10817.03,Multibanco,Pago
1079,2025-10-31 13:59:45.571142,Cliente D,Salários,1643.35,Numerário,Pago
1080,2026-05-12 08:27:53.747494,Cliente E,Salários,,Numerário,Atrasado
1081,2025-02-09 05:54:56.993987,Cliente A,Impostos,3992.07,Multibanco,Pago
1082,2025-08-25 15:11:54.228456,Cliente B,Consultoria,4034.15,Transferência,Pago
1083,2025-04-03 08:16:21.162324,Cliente B,Salários,10996.16,Multibanco,Pago
1084,2026-04-29 15:43:38.837675,Cliente A,Aluguel,3798.42,Cartão,Pago
1085,2025-02-26 13:28:00.961923,Cliente B,Fornecedores,9514.82,Transferência,Pendente
1086,2026-02-19 09:31:22.965931,Cliente F,Serviços,7439.39,Numerário,Atrasado
1087,2026-03-23 17:13:06.372745,Cliente F,Serviços,8620.75,Multibanco,Pago
1088,2025-01-02 03:42:12.264529,Cliente A,Impostos,12579.7,Cheque,Pago
1089,2026-03-26 00:37:30.901803,Cliente E,Consultoria,6095.5,Cheque,Pago
1090,2025-03-03 04:16:50.020040,Cliente E,Consultoria,11575.13,Cartão,Atrasado
1091,2025-05-02 04:51:27.775551,Cliente A,Salários,6359.44,Cheque,Pendente
1092,2025-10-26 23:10:56.513026,Cliente E,Vendas,5340.38,Multibanco,Pago
1093,2025-12-23 16:21:09.739478,Cliente E,Salários,14381.48,Multibanco,Atrasado
1094,2026-07-04 10:49:17.915831,Cliente F,Fornecedores,2806.35,Cheque,Atrasado
1095,2025-08-08 07:38:50.260521,Cliente E,Aluguel,1400.54,Multibanco,Atrasado
1096,2026-04-08 21:03:58.076152,Cliente C,Serviços,11576.24,Cartão,Atrasado
1097,2025-09-08 11:38:21.402805,Cliente D,Salários,1070.33,Transferência,Pago
1098,2025-02-19 15:14:47.374749,Cliente B,Vendas,12564.33,Cartão,Pendente
1099,2025-07-05 20:14:54.589178,Cliente C,Vendas,6586.04,Cartão,Pago
1100,2025-08-21 00:23:05.170340,Cliente E,Salários,13736.93,Multibanco,Atrasado
1101,2026-05-29 16:00:57.715430,Cliente F,Impostos,10836.92,Transferência,Pendente
1102,2026-07-12 12:44:43.767535,Cliente A,Serviços,9175.55,Multibanco,Pendente
1103,2025-11-07 12:12:59.158316,,Impostos,14242.14,Numerário,Pendente
1104,2026-02-09 00:11:32.585170,Cliente F,Aluguel,5979.91,Multibanco,Pago
1105,2025-12-16 18:07:56.152304,,Vendas,14313.6,Multibanco,Pago
1106,2025-11-08 15:55:11.422845,Cliente E,Vendas,2068.27,Multibanco,Cancelado
1107,2026-06-10 05:03:00.360721,Cliente A,Fornecedores,7282.14,Transferência,Atrasado
1108,2026-06-17 03:16:13.947895,Cliente F,Aluguel,4085.17,Multibanco,Pago
1109,2025-09-05 00:31:44.609218,Cliente F,Vendas,8120.65,Transferência,Pago
1110,2025-10-17 17:33:18.396793,Cliente F,Aluguel,2472.11,Cheque,Pago
1111,2025-08-07 03:56:37.995991,Cliente D,Serviços,12630.87,Numerário,Pendente
1112,2025-12-07 12:30:18.036072,Cliente E,Consultoria,12703.8,Transferência,Atrasado
1113,2025-09-02 17:07:20.080160,Cliente D,Vendas,14330.78,Cheque,Pago
1114,2025-08-27 22:36:18.757515,Cliente B,Fornecedores,2362.35,Transferência,Pago
1115,2025-09-30 10:00:14.428857,Cliente B,Serviços,9368.82,Transferência,Atrasado
1116,2026-01-25 00:02:53.146292,Cliente E,Salários,7139.85,Numerário,Pendente
1117,2026-02-27 11:26:48.817635,Cliente D,Aluguel,5198.54,Cartão,Pago
1118,2025-03-02 00:34:37.755511,Cliente A,Salários,5305.53,Cartão,Pago
1119,2025-11-19 01:15:01.803607,Cliente F,Impostos,,Transferência,Pago
1120,2026-04-18 02:41:36.192384,Cliente F,Serviços,10588.64,Multibanco,Pago
1121,2025-09-07 07:56:09.138276,Cliente E,Salários,8994.38,Cheque,Pago
1122,2025-10-17 17:33:18.396793,Cliente B,Vendas,6922.24,Multibanco,Pendente
1123,2025-08-04 20:32:13.466933,Cliente B,Aluguel,1185.2,Multibanco,Atrasado
1124,2026-03-14 11:35:28.256513,Cliente F,Consultoria,1212.59,Transferência,Pendente
1125,2026-07-22 22:04:34.148296,Cliente E,Serviços,84.97,Transferência,Pendente
1126,2025-02-16 04:08:10.581162,Cliente D,Vendas,14517.11,Transferência,Pago
1127,2025-06-30 01:43:53.266533,Cliente B,Fornecedores,128.54,Transferência,Pago
1128,2025-01-17 03:50:51.703406,Cliente D,Impostos,1591.25,Cartão,Pago
1129,2025-12-13 07:01:19.358717,Cliente B,Aluguel,4753.22,Transferência,Pago
1130,2025-03-15 21:01:04.929859,Cliente B,Serviços,12121.08,,Pendente
1131,2026-02-02 01:58:18.997995,Cliente C,Serviços,14433.38,Cartão,Cancelado
1132,2026-01-12 07:18:38.236472,Cliente B,Consultoria,11860.7,Transferência,Pago
1133,2025-01-10 05:37:38.116232,Cliente A,Consultoria,10373.88,Numerário,Pago
1134,2026-01-31 22:16:06.733466,Cliente E,Fornecedores,7843.44,Cheque,Atrasado
1135,2025-05-28 18:02:09.859719,Cliente E,Impostos,1346.24,Multibanco,Pago
1136,2026-07-21 18:22:21.883767,Cliente D,Fornecedores,14374.65,Cartão,Pago
1137,2025-06-05 19:57:35.711422,Cliente B,Vendas,11387.97,Cheque,Pendente
1138,2026-06-28 16:18:16.593186,Cliente A,Vendas,9602.29,Numerário,Pendente
1139,2025-03-13 13:36:40.400801,Cliente D,Fornecedores,11397.59,Multibanco,Pago
1140,2025-06-09 07:04:12.505010,Cliente C,Impostos,10875.34,Multibanco,Pago
1141,2026-07-29 20:17:47.735470,Cliente D,Fornecedores,9576.61,Cartão,Pendente
1142,2025-04-03 08:16:21.162324,Cliente D,Impostos,14709.62,Transferência,Pago
1143,2026-03-28 08:01:55.430861,,Impostos,13555.29,Numerário,Pago
1144,2025-07-06 23:57:06.853707,Cliente C,Salários,9717.64,Cartão,Pendente
1145,2026-04-28 12:01:26.573146,Cliente D,Aluguel,10412.97,,Pago
1146,2025-11-29 10:34:52.184368,Cliente A,Impostos,821.36,Transferência,Pendente
1147,2026-03-13 07:53:15.991983,Cliente A,Consultoria,10065.27,Transferência,Pago
1148,2025-10-28 02:53:08.777555,Cliente E,Impostos,710.27,Cartão,Cancelado
1149,2026-07-19 10:57:57.354709,Cliente C,Impostos,8844.54,Transferência,Pago
1150,2025-09-23 11:47:00.841683,Cliente C,Impostos,14990.33,Cheque,Pago
1151,2025-02-16 04:08:10.581162,Cliente E,Salários,8359.31,Multibanco,Pago
1152,2025-02-01 03:59:31.142284,Cliente D,Salários,7124.49,Cartão,Pago
1153,2025-06-04 16:15:23.446893,Cliente C,VENDAS,4727.18,Numerário,Atrasado
1154,2025-08-19 20:40:52.905811,Cliente A,Salários,1851.81,Cheque,Cancelado
1155,2026-01-13 11:00:50.501002,Cliente A,Consultoria,10978.8,Cartão,Pago
1156,2025-11-05 04:48:34.629258,Cliente B,Consultoria,2929.36,Transferência,Pago
1157,2026-04-27 08:19:14.308617,Cliente C,Salários,1773.47,Transferência,Pendente
1158,2025-02-06 22:30:32.464929,Cliente D,Fornecedores,6355.35,,Atrasado
1159,2025-02-24 06:03:36.432865,Cliente E,Aluguel,11940.36,Transferência,Pago
1160,2026-04-14 15:34:59.398797,Cliente E,Salários,11188.71,Numerário,Pago
1161,2025-03-12 09:54:28.136272,Cliente D,Impostos,870.5,Cheque,Pago
1162,2025-09-06 04:13:56.873747,Cliente F,Serviços,6854.4,Multibanco,Pendente
1163,2025-12-04 01:23:41.242484,Cliente B,Aluguel,7860.4,Numerário,Pago
1164,2025-04-24 02:56:01.923847,Cliente E,Aluguel,9685.97,,Pendente
1165,2025-07-17 09:16:57.234468,Cliente C,Consultoria,9770.0,Multibanco,Pago
1166,2026-02-19 09:31:22.965931,Cliente B,ALUGUEL,5502.22,Multibanco,Pendente
1167,2025-09-03 20:49:32.344689,Cliente C,Salários,8432.12,Transferência,Pago
1168,2026-07-02 03:24:53.386773,Cliente A,Impostos,7241.88,Numerário,Pago
1169,2025-02-09 05:54:56.993987,Cliente B,Impostos,13280.73,Cartão,Pago
1170,2026-06-02 03:07:34.509018,Cliente E,Vendas,7977.46,Multibanco,Pendente
1171,2025-09-18 20:58:11.783567,Cliente B,Impostos,6643.43,Multibanco,Pago
1172,2025-04-26 10:20:26.452905,Cliente B,Impostos,6097.06,Cheque,Pago
1173,2026-05-12 08:27:53.747494,Cliente B,Consultoria,8607.8,Cartão,Pago
1174,2026-06-17 03:16:13.947895,Cliente F,Impostos,12069.46,Cartão,Pago
1175,2025-05-31 01:26:34.388777,Cliente B,Vendas,8099.1,Multibanco,Pendente
1176,2025-10-23 12:04:19.719438,Cliente C,Serviços,9941.74,Transferência,Pendente
1177,2025-01-05 14:48:49.058116,Cliente A,SALÁRIOS,11080.94,Cheque,Atrasado
1178,2025-09-08 11:38:21.402805,Cliente D,Consultoria,7826.51,Cartão,Pago
1179,2025-10-21 04:39:55.190380,Cliente B,Serviços,6430.91,Multibanco,Atrasado
1180,2026-04-04 06:15:09.018036,Cliente E,Consultoria,13156.15,Cartão,Pago
1181,2026-02-18 05:49:10.701402,,Fornecedores,6291.72,Cheque,Pago
1182,2025-11-22 12:21:38.597194,Cliente E,Aluguel,6956.05,Cheque,Pago
1183,2026-03-29 11:44:07.695390,Cliente C,Fornecedores,14855.6,,Pago
1184,2025-08-26 18:54:06.492985,,Impostos,53.55,Multibanco,Pendente
1185,2025-01-17 03:50:51.703406,Cliente D,Serviços,2822.82,Cheque,Pendente
1186,2026-02-03 05:40:31.262525,Cliente A,Impostos,5790.26,Numerário,Pendente
1187,2025-02-17 07:50:22.845691,Cliente E,Aluguel,13992.22,Numerário,Pago
1188,2026-03-14 11:35:28.256513,Cliente E,Consultoria,1096.94,Cartão,Pago
1189,2026-06-15 23:34:01.683366,Cliente A,Aluguel,191.81,Cartão,Pago
1190,2025-07-25 11:12:23.086172,Cliente D,Vendas,837.62,Numerário,Pago
1191,2025-03-13 13:36:40.400801,Cliente B,Aluguel,1373.72,Cartão,Pago
1192,2026-02-10 03:53:44.849699,Cliente E,Vendas,612.07,Cheque,Pago
1193,2025-09-23 11:47:00.841683,Cliente A,Aluguel,7222.73,Transferência,Pago
1194,2025-10-05 00:49:03.486973,Cliente C,Salários,8732.32,Cheque,Pago
1195,2025-02-28 20:52:25.490981,,Vendas,4111.72,Numerário,Pendente
1196,2025-04-20 15:49:25.130260,,Serviços,6004.4,,Cancelado
1197,2026-03-23 17:13:06.372745,Cliente D,Impostos,1420.91,Cheque,Atrasado
1198,2025-09-13 02:27:10.460921,Cliente B,Impostos,5078.74,Cartão,Pendente
1199,2026-07-13 16:26:56.032064,Cliente A,Fornecedores,7861.66,Cartão,Pago
1200,2026-04-14 15:34:59.398797,Cliente F,Impostos,10997.46,Numerário,Pendente
1201,2025-09-23 11:47:00.841683,Cliente E,Consultoria,100.03,Multibanco,Pendente
1202,2025-09-30 10:00:14.428857,Cliente D,Salários,7036.3,Cartão,Pago
1203,2025-06-13 21:53:01.563126,Cliente A,Aluguel,4490.19,Cheque,Pago
1204,2025-07-16 05:34:44.969939,Cliente E,Fornecedores,12799.69,,Atrasado
1205,2025-02-02 07:41:43.406813,Cliente A,Consultoria,10747.52,Cheque,Pago
1206,2025-02-10 09:37:09.258517,Cliente C,Consultoria,8857.17,Numerário,Pago
1207,2025-01-14 20:26:27.174348,Cliente A,Vendas,4195.12,Cartão,Pago
1208,2025-07-03 12:50:30.060120,Cliente F,Impostos,13659.57,Cheque,Pago
1209,2026-01-12 07:18:38.236472,Cliente A,Serviços,724.26,Numerário,Pago
1210,2025-08-03 16:50:01.202404,Cliente A,Serviços,1686.54,Multibanco,Pago
1211,2025-10-07 08:13:28.016032,Cliente F,Fornecedores,5904.87,Cheque,Pago
1212,2025-04-09 02:47:22.484969,Cliente D,Salários,1910.34,Multibanco,Pago
1213,2025-11-23 16:03:50.861723,Cliente A,Serviços,14348.41,Multibanco,Atrasado
1214,2025-03-17 00:43:17.194388,Cliente F,Aluguel,11979.94,Transferência,Pago
1215,2025-07-15 01:52:32.705410,Cliente E,Serviços,3921.79,Cartão,Pago
1216,2025-02-20 18:56:59.639278,Cliente C,Fornecedores,8848.89,Cheque,Pago
1217,2025-03-12 09:54:28.136272,Cliente C,Serviços,14735.84,Multibanco,Atrasado
1218,2026-05-23 21:29:56.392785,Cliente A,Aluguel,13268.77,Transferência,Pago
1219,2025-06-03 12:33:11.182364,Cliente D,Vendas,9031.94,Numerário,Pago
1220,2025-11-23 16:03:50.861723,Cliente D,Salários,,Cheque,Atrasado
1221,2025-02-01 03:59:31.142284,Cliente E,Fornecedores,14838.31,Multibanco,Atrasado
1222,2025-05-04 12:15:52.304609,,Vendas,11163.12,Cartão,Pago
1223,2025-02-19 15:14:47.374749,Cliente C,Vendas,1021.55,Transferência,Atrasado
1224,2026-01-27 07:27:17.675350,Cliente D,Vendas,6053.62,Multibanco,Pago
1225,2025-11-25 23:28:15.390781,Cliente A,Consultoria,12575.49,Cartão,Pago
1226,2026-05-29 16:00:57.715430,Cliente D,Salários,3497.01,Multibanco,Pago
1227,2026-01-16 22:07:27.294589,Cliente F,Impostos,12468.11,Cheque,Pago
1228,2025-05-27 14:19:57.595190,Cliente D,Salários,1849.06,Cheque,Pendente
1229,2026-02-05 13:04:55.791583,Cliente C,Consultoria,,Cheque,Pago
1230,2026-06-29 20:00:28.857715,Cliente B,Impostos,5792.15,Transferência,Pago
1231,2025-09-23 11:47:00.841683,Cliente E,Salários,599.14,Cheque,Pendente
1232,2025-08-07 03:56:37.995991,Cliente E,Vendas,14361.19,Cartão,Pendente
1233,2025-09-16 13:33:47.254509,Cliente C,Fornecedores,12401.78,Multibanco,Pago
1234,2026-03-20 06:06:29.579158,Cliente D,Impostos,12021.51,Numerário,Pendente
1235,2026-03-11 00:28:51.462925,,Aluguel,9465.18,Cartão,Pago
1236,2025-11-22 12:21:38.597194,Cliente D,Aluguel,,Cartão,Pendente
1237,2026-05-29 16:00:57.715430,Cliente C,Serviços,7797.99,Cheque,Pendente
1238,2025-05-19 12:24:31.743486,Cliente E,Impostos,8979.25,Transferência,Cancelado
1239,2025-05-13 17:53:30.420841,Cliente D,Fornecedores,7899.22,Multibanco,Pago
1240,2026-06-15 23:34:01.683366,Cliente E,Consultoria,3940.49,Transferência,Pago
1241,2025-09-25 19:11:25.370741,Cliente A,Vendas,7752.96,Multibanco,Pago
1242,2025-10-25 19:28:44.248496,Cliente E,Serviços,7393.24,Multibanco,Pago
1243,2026-02-18 05:49:10.701402,Cliente E,Aluguel,14945.22,Transferência,Pago
1244,2025-08-16 09:34:16.112224,Cliente B,Consultoria,13466.67,Cartão,Atrasado
1245,2026-06-10 05:03:00.360721,Cliente B,Consultoria,6977.54,Multibanco,Pago
1246,2026-04-19 06:23:48.456913,Cliente F,Vendas,9362.91,Transferência,Pago
1247,2025-06-06 23:39:47.975951,Cliente B,Impostos,11230.68,Multibanco,Pendente
1248,2026-01-01 21:58:47.855711,Cliente E,Aluguel,571.23,Numerário,Pago
1249,2025-07-09 07:21:31.382765,Cliente C,Fornecedores,13429.08,Cartão,Pendente
1250,2025-09-16 13:33:47.254509,Cliente E,Consultoria,12908.9,,Pago
1251,2025-12-20 05:14:32.945891,Cliente C,Vendas,6888.61,Multibanco,Pago
1252,2025-09-26 22:53:37.635270,Cliente C,Fornecedores,5897.99,Numerário,Pago
1253,2025-07-17 09:16:57.234468,Cliente B,Impostos,4130.74,Cheque,Pago
1254,2025-06-24 07:12:51.943887,Cliente D,Aluguel,7176.32,Cheque,Atrasado
1255,2026-06-18 06:58:26.212424,Cliente A,Impostos,713.43,Multibanco,Pago
1256,2025-12-29 10:52:11.062124,,Consultoria,12790.29,Transferência,Pago
1257,2026-03-07 13:22:14.669338,Cliente B,FORNECEDORES,579.56,Multibanco,Pago
1258,2025-07-03 12:50:30.060120,Cliente D,Fornecedores,4969.32,Numerário,Pago
1259,2025-04-20 15:49:25.130260,Cliente A,FORNECEDORES,13977.26,Cheque,Atrasado
1260,2026-06-28 16:18:16.593186,Cliente E,Consultoria,11041.43,Multibanco,Pago
1261,2025-09-25 19:11:25.370741,Cliente F,Consultoria,4256.79,Transferência,Pendente
1262,2025-07-26 14:54:35.350701,Cliente F,Impostos,3827.1,Multibanco,Cancelado
1263,2025-05-10 06:46:53.627254,Cliente E,Serviços,125.98,Cartão,Pago
1264,2026-01-01 21:58:47.855711,Cliente B,Impostos,10450.93,Transferência,Atrasado
1265,2026-07-27 12:53:23.206412,Cliente A,Aluguel,779.31,Numerário,Pago
1266,2026-05-25 01:12:08.657314,Cliente B,Vendas,8012.41,Cheque,Pago
1267,2025-02-28 20:52:25.490981,Cliente C,Fornecedores,14433.72,Multibanco,Pago
1268,2025-11-05 04:48:34.629258,Cliente B,Serviços,1686.56,Transferência,Pendente
1269,2025-12-06 08:48:05.771543,Cliente B,Vendas,13422.47,Cartão,Cancelado
1270,2026-03-21 09:48:41.843687,Cliente E,SERVIÇOS,14872.56,Transferência,Pago
1271,2026-03-22 13:30:54.108216,Cliente E,Salários,969.68,Cartão,Pendente
1272,2025-05-10 06:46:53.627254,Cliente E,Impostos,13249.45,Numerário,Pago
1273,2025-04-26 10:20:26.452905,Cliente F,Consultoria,7765.38,Cheque,Pago
1274,2025-05-10 06:46:53.627254,Cliente C,Fornecedores,13602.38,Numerário,Pago
1275,2026-05-22 17:47:44.128256,Cliente E,Impostos,8591.22,Multibanco,Cancelado
1276,2025-04-03 08:16:21.162324,Cliente A,Vendas,9948.57,,Pendente
1277,2025-08-03 16:50:01.202404,Cliente F,Salários,8179.49,Cartão,Pago
1278,2025-05-10 06:46:53.627254,Cliente D,Salários,12974.17,Cartão,Pago
1279,2025-01-02 03:42:12.264529,Cliente A,Salários,11021.95,Transferência,Pago
1280,2025-05-29 21:44:22.124248,Cliente A,Vendas,7842.84,Transferência,Pago
1281,2025-09-10 19:02:45.931863,Cliente E,Vendas,13029.0,Multibanco,Pago
1282,2025-03-03 04:16:50.020040,Cliente D,Vendas,3717.02,Numerário,Atrasado
1283,2026-01-30 18:33:54.468937,Cliente D,Vendas,2402.24,Cartão,Pago
1284,2026-07-13 16:26:56.032064,Cliente F,Salários,2447.98,Multibanco,Pago
1285,2025-09-15 09:51:34.989979,Cliente D,Salários,5043.43,Numerário,Pago
1286,2025-09-16 13:33:47.254509,Cliente C,Serviços,3618.42,Multibanco,Atrasado
1287,2026-03-20 06:06:29.579158,Cliente E,Impostos,13954.85,Cartão,Pendente
1288,2026-04-10 00:46:10.340681,Cliente D,Fornecedores,1632.22,Transferência,Pago
1289,2025-05-25 06:55:33.066132,Cliente F,Consultoria,10499.91,Transferência,Pendente
1290,2025-05-29 21:44:22.124248,Cliente C,Salários,2878.86,Numerário,Pago
1291,2025-03-02 00:34:37.755511,Cliente B,Consultoria,13230.48,Cheque,Pago
1292,2025-07-17 09:16:57.234468,Cliente B,Impostos,14421.66,Numerário,Pago
1293,2025-09-08 11:38:21.402805,Cliente C,Impostos,7008.78,Cheque,Pago
1294,2025-07-03 12:50:30.060120,Cliente F,Consultoria,13192.12,Multibanco,Pago
1295,2025-08-16 09:34:16.112224,Cliente C,Salários,126.92,Multibanco,Atrasado
1296,2026-04-25 00:54:49.779559,Cliente E,Consultoria,12308.21,Cartão,Atrasado
1297,2025-10-11 23:02:17.074148,Cliente E,Serviços,3467.95,Cheque,Pendente
1298,2026-01-08 20:12:01.442885,Cliente B,ALUGUEL,13635.08,Cartão,Pago
1299,2026-05-21 14:05:31.863727,Cliente D,Salários,,Transferência,Pago
1300,2025-08-22 04:05:17.434869,Cliente F,Salários,8364.92,Cheque,Pendente
1301,2025-07-31 05:43:24.408817,Cliente B,FORNECEDORES,11361.71,Numerário,Pago
1302,2025-05-21 19:48:56.272545,Cliente D,Vendas,3917.39,Transferência,Pago
1303,2026-04-07 17:21:45.811623,Cliente D,Aluguel,2937.34,Transferência,Pago
1304,2025-10-21 04:39:55.190380,Cliente E,Impostos,1307.27,Numerário,Atrasado
1305,2025-12-05 05:05:53.507014,Cliente A,Salários,4930.18,Transferência,Pago
1306,2025-11-19 01:15:01.803607,Cliente A,Consultoria,8419.67,Cheque,Pago
1307,2026-01-09 23:54:13.707414,Cliente C,Aluguel,1781.87,Cartão,Pendente
1308,2026-03-05 05:57:50.140280,Cliente E,Fornecedores,5681.6,Transferência,Pago
1309,2025-04-22 23:13:49.659318,Cliente D,Impostos,185.63,Cheque,Pago
1310,2025-08-16 09:34:16.112224,Cliente F,Vendas,12289.26,Multibanco,Pago
1311,2026-06-26 08:53:52.064128,Cliente A,Vendas,1970.31,Cheque,Pago
1312,2026-03-31 19:08:32.224448,Cliente D,Fornecedores,4285.98,Cartão,Pendente
1313,2025-10-03 21:06:51.222444,Cliente A,Fornecedores,325.49,Cheque,Pago
1314,2025-06-15 01:35:13.827655,Cliente A,Consultoria,6512.0,Numerário,Pago
1315,2025-04-21 19:31:37.394789,Cliente A,Salários,12609.82,Cartão,Atrasado
1316,2025-08-19 20:40:52.905811,Cliente F,Vendas,5912.66,Multibanco,Atrasado
1317,2025-05-22 23:31:08.537074,Cliente E,Impostos,,Numerário,Atrasado
1318,2025-08-03 16:50:01.202404,Cliente F,Aluguel,11317.8,,Pago
1319,2026-01-11 03:36:25.971943,Cliente B,Impostos,11842.66,,Pago
1320,2026-06-19 10:40:38.476953,Cliente D,Serviços,2647.61,Multibanco,Cancelado
1321,2026-02-06 16:47:08.056112,Cliente E,Serviços,11574.27,Numerário,Pendente
1322,2025-10-25 19:28:44.248496,Cliente E,FORNECEDORES,14212.1,Multibanco,Pago
1323,2025-06-19 16:24:02.885771,Cliente E,Consultoria,2537.34,Cheque,Pago
1324,2025-10-17 17:33:18.396793,Cliente E,Serviços,11576.22,Multibanco,Pago
1325,2026-05-26 04:54:20.921843,Cliente F,Vendas,10643.15,Transferência,Atrasado
1326,2026-04-29 15:43:38.837675,Cliente E,Impostos,7129.93,Numerário,Pago
1327,2026-04-10 00:46:10.340681,Cliente C,Impostos,915.91,Multibanco,Pago
1328,2026-02-03 05:40:31.262525,Cliente D,Fornecedores,1166.68,Cheque,Pago
1329,2026-06-04 10:31:59.038076,Cliente E,Salários,12793.6,Cheque,Pendente
1330,2025-06-18 12:41:50.621242,Cliente D,Salários,14852.72,Multibanco,Atrasado
1331,2025-06-19 16:24:02.885771,Cliente C,Aluguel,10156.98,Cheque,Pago
1332,2026-02-10 03:53:44.849699,Cliente C,Fornecedores,6717.08,Cartão,Pendente
1333,2025-08-17 13:16:28.376753,Cliente D,Aluguel,9731.23,Cartão,Cancelado
1334,2025-12-21 08:56:45.210420,Cliente A,Salários,8936.22,Cartão,Pago
1335,2026-07-18 07:15:45.090180,Cliente B,Fornecedores,5785.0,Transferência,Pago
1336,2026-04-26 04:37:02.044088,Cliente A,Fornecedores,1031.11,Multibanco,Pago
1337,2026-05-04 06:32:27.895791,Cliente A,Fornecedores,12331.62,Transferência,Pendente
1338,2025-05-27 14:19:57.595190,Cliente F,Salários,5608.91,Cheque,Pago
1339,2025-02-13 20:43:46.052104,Cliente A,Aluguel,12290.85,Transferência,Pendente
1340,2026-01-25 00:02:53.146292,Cliente E,Aluguel,3825.01,Cheque,Pendente
1341,2026-02-19 09:31:22.965931,,Fornecedores,65.39,Cheque,Pago
1342,2025-05-28 18:02:09.859719,Cliente F,Serviços,2426.13,Numerário,Atrasado
1343,2025-11-04 01:06:22.364729,Cliente C,Consultoria,7054.66,Cartão,Pago
1344,2026-07-03 07:07:05.651302,Cliente A,Salários,14167.34,Cheque,Pago
1345,2026-05-23 21:29:56.392785,Cliente C,Consultoria,1577.79,Numerário,Pendente
1346,2026-06-29 20:00:28.857715,Cliente D,Consultoria,12820.44,Cartão,Pendente
1347,2026-05-15 19:34:30.541082,Cliente B,Aluguel,7929.01,Cheque,Pago
1348,2025-06-23 03:30:39.679358,,Aluguel,12397.52,Cheque,Atrasado
1349,2026-04-23 21:12:37.515030,Cliente D,Serviços,4510.7,Transferência,Atrasado
1350,2026-07-05 14:31:30.180360,Cliente D,Consultoria,12607.21,Transferência,Pago
1351,2025-12-09 19:54:42.565130,Cliente E,Consultoria,11603.7,Cartão,Cancelado
1352,2025-04-24 02:56:01.923847,Cliente B,Fornecedores,3489.3,Cheque,Pago
1353,2025-10-30 10:17:33.306613,Cliente D,Aluguel,2013.46,Multibanco,Pago
1354,2025-10-17 17:33:18.396793,Cliente D,Consultoria,13027.41,Transferência,Pago
1355,2025-06-15 01:35:13.827655,Cliente B,IMPOSTOS,14450.39,Cartão,Atrasado
1356,2026-02-03 05:40:31.262525,Cliente B,Serviços,517.97,Cheque,Pendente
1357,2025-05-09 03:04:41.362725,Cliente D,Impostos,10982.49,Cheque,Pago
1358,2026-07-31 00:00:00.000000,Cliente B,Impostos,13647.39,,Pago
1359,2025-03-10 02:30:03.607214,Cliente D,Salários,12867.53,Cartão,Pendente
1360,2026-03-01 18:51:13.346693,Cliente D,Salários,14469.58,Cheque,Pago
1361,2025-01-02 03:42:12.264529,Cliente E,Serviços,11413.41,Transferência,Atrasado
1362,2026-03-20 06:06:29.579158,Cliente A,Impostos,6662.37,Multibanco,Atrasado
1363,2025-12-16 18:07:56.152304,Cliente D,Consultoria,4713.68,Cartão,Pago
1364,2025-10-20 00:57:42.925851,Cliente C,Aluguel,4845.1,Multibanco,Cancelado
1365,2025-06-10 10:46:24.769539,Cliente F,Serviços,10880.12,Transferência,Pago
1366,2026-06-06 17:56:23.567134,Cliente A,Fornecedores,11200.26,Cartão,Cancelado
1367,2025-02-11 13:19:21.523046,Cliente A,Impostos,3045.37,Multibanco,Pendente
1368,2025-07-03 12:50:30.060120,Cliente A,Serviços,13028.44,Numerário,Pendente
1369,2025-01-10 05:37:38.116232,Cliente E,Vendas,10738.11,Transferência,Pago
1370,2025-09-25 19:11:25.370741,Cliente D,Vendas,8463.12,Transferência,Atrasado
1371,2025-04-24 02:56:01.923847,Cliente E,Salários,7099.41,Transferência,Pago
1372,2025-06-18 12:41:50.621242,Cliente D,Aluguel,8171.33,Numerário,Pago
1373,2025-12-16 18:07:56.152304,Cliente E,Consultoria,2430.72,Numerário,Pago
1374,2025-08-27 22:36:18.757515,,Aluguel,3095.33,Cheque,Pago
1375,2025-05-31 01:26:34.388777,Cliente F,Aluguel,1412.91,Multibanco,Pago
1376,2026-04-11 04:28:22.605210,Cliente C,Aluguel,2347.19,Cheque,Pendente
1377,2025-06-24 07:12:51.943887,Cliente E,Aluguel,6832.72,Multibanco,Atrasado
1378,2025-03-03 04:16:50.020040,Cliente F,Fornecedores,7978.8,Numerário,Pago
1379,2025-05-18 08:42:19.478957,Cliente B,Fornecedores,317.04,Numerário,Pendente
1380,2025-07-04 16:32:42.324649,Cliente C,SALÁRIOS,11962.13,Cheque,Pago
1381,2026-04-15 19:17:11.663326,Cliente E,Serviços,4447.81,Cartão,Atrasado
1382,2025-05-13 17:53:30.420841,Cliente A,Vendas,13681.95,Cheque,Atrasado
1383,2025-03-27 10:03:07.575150,Cliente B,Aluguel,14514.29,Multibanco,Pago
1384,2025-05-10 06:46:53.627254,Cliente B,SALÁRIOS,2822.61,Cheque,Pendente
1385,2026-06-10 05:03:00.360721,Cliente F,Serviços,6958.35,Transferência,Pago
1386,2026-04-29 15:43:38.837675,Cliente B,Vendas,68.42,Multibanco,Pago
1387,2026-05-01 23:08:03.366733,Cliente C,Impostos,8994.99,Multibanco,Atrasado
1388,2025-04-29 21:27:03.246492,Cliente E,Consultoria,9129.23,Cartão,Pago
1389,2026-01-27 07:27:17.675350,Cliente E,Fornecedores,3750.72,Numerário,Pago
1390,2025-10-20 00:57:42.925851,Cliente A,Impostos,8398.27,Multibanco,Pago
1391,2025-09-18 20:58:11.783567,Cliente F,Vendas,,Numerário,Atrasado
1392,2025-05-09 03:04:41.362725,Cliente A,Impostos,2454.34,Cheque,Pago
1393,2026-06-29 20:00:28.857715,Cliente B,Consultoria,9790.22,Transferência,Pago
1394,2025-04-24 02:56:01.923847,Cliente A,Salários,4922.59,Cartão,Pendente
1395,2025-06-25 10:55:04.208416,Cliente C,Vendas,8874.45,Numerário,Atrasado
1396,2026-02-06 16:47:08.056112,Cliente E,Impostos,6527.04,Multibanco,Pago
1397,2026-04-08 21:03:58.076152,Cliente B,Fornecedores,14766.05,Numerário,Pago
1398,2026-03-19 02:24:17.314629,Cliente A,Fornecedores,2286.23,Multibanco,Pago
1399,2026-02-26 07:44:36.553106,Cliente F,Serviços,6995.75,Numerário,Pago
1400,2026-01-25 00:02:53.146292,Cliente C,Impostos,10222.83,Multibanco,Pago
1401,2025-08-11 18:45:27.054108,,Aluguel,5963.4,Cheque,Pendente
1402,2025-12-23 16:21:09.739478,Cliente A,Impostos,14621.76,Multibanco,Pendente
1403,2025-07-06 23:57:06.853707,Cliente E,Salários,10842.22,Multibanco,Pendente
1404,2025-08-27 22:36:18.757515,Cliente A,Vendas,9871.91,Transferência,Pago
1405,2026-05-28 12:18:45.450901,Cliente B,Vendas,11368.04,Multibanco,Atrasado
1406,2025-07-13 22:10:20.440881,Cliente A,Salários,14292.1,Transferência,Pago
1407,2026-07-12 12:44:43.767535,Cliente C,Impostos,13621.89,Cartão,Cancelado
1408,2025-07-04 16:32:42.324649,Cliente A,Salários,10878.07,Transferência,Pendente
1409,2025-03-19 08:07:41.723446,Cliente E,Consultoria,11249.97,Cheque,Pago
1410,2025-11-29 10:34:52.184368,Cliente F,Salários,2231.54,Transferência,Pendente
1411,2026-04-04 06:15:09.018036,Cliente D,Fornecedores,1586.75,Cartão,Pago
1412,2025-11-15 14:08:25.010020,Cliente A,Salários,8585.02,Cheque,Pendente
1413,2025-12-16 18:07:56.152304,Cliente E,Vendas,324.6,Numerário,Pago
1414,2026-04-11 04:28:22.605210,Cliente E,Fornecedores,7261.23,Numerário,Pago
1415,2026-03-19 02:24:17.314629,Cliente F,VENDAS,3194.73,Transferência,Atrasado
1416,2026-03-28 08:01:55.430861,Cliente C,Serviços,,Transferência,Pago
1417,2025-06-04 16:15:23.446893,Cliente E,Aluguel,11648.28,Cartão,Atrasado
1418,2025-08-12 22:27:39.318637,Cliente E,Vendas,14121.5,Cartão,Pago
1419,2026-04-07 17:21:45.811623,Cliente E,Fornecedores,1132.62,Multibanco,Pendente
1420,2025-05-27 14:19:57.595190,Cliente E,SERVIÇOS,8036.92,Cartão,Pendente
1421,2025-02-06 22:30:32.464929,Cliente B,Vendas,13243.88,Multibanco,Pago
1422,2025-07-22 00:05:46.292585,Cliente B,Consultoria,1283.5,Cheque,Pago
1423,2026-06-14 19:51:49.418837,Cliente C,Salários,12376.49,Transferência,Pago
1424,2026-05-26 04:54:20.921843,Cliente A,Aluguel,5399.13,Cheque,Pago
1425,2026-03-04 02:15:37.875751,Cliente E,VENDAS,4865.32,Cartão,Pago
1426,2026-06-26 08:53:52.064128,Cliente F,SERVIÇOS,14663.12,Cheque,Pendente
1427,2026-03-08 17:04:26.933867,Cliente A,Consultoria,3052.84,Cheque,Atrasado
1428,2025-01-25 05:46:17.555110,Cliente F,Impostos,10413.25,Cheque,Atrasado
1429,2025-10-01 13:42:26.693386,Cliente A,Serviços,12330.54,Cartão,Pendente
1430,2025-07-01 05:26:05.531062,Cliente C,Salários,,Cheque,Pendente
1431,2025-02-12 17:01:33.787575,Cliente E,Serviços,10072.26,Multibanco,Pendente
1432,2025-09-22 08:04:48.577154,Cliente E,Consultoria,14275.67,Cartão,Pago
1433,2026-02-25 04:02:24.288577,Cliente D,Serviços,1907.09,Cheque,Atrasado
1434,2025-02-27 17:10:13.226452,Cliente F,Consultoria,13448.51,Cartão,Pendente
1435,2026-05-20 10:23:19.599198,Cliente A,Vendas,8941.91,Numerário,Pago
1436,2025-10-31 13:59:45.571142,Cliente A,Consultoria,9268.24,Multibanco,Pago
1437,2025-11-22 12:21:38.597194,Cliente B,Consultoria,9213.52,Cheque,Pago
1438,2025-01-31 00:17:18.877755,Cliente D,Aluguel,4517.6,Numerário,Pago
1439,2025-09-17 17:15:59.519038,Cliente B,Consultoria,14031.27,Numerário,Atrasado
1440,2025-11-15 14:08:25.010020,Cliente B,Consultoria,14212.89,Cartão,Pago
1441,2025-11-25 23:28:15.390781,Cliente B,Impostos,9398.3,Numerário,Pago
1442,2025-04-21 19:31:37.394789,Cliente F,Vendas,11762.17,Multibanco,Cancelado
1443,2025-11-23 16:03:50.861723,Cliente F,Salários,9203.26,Multibanco,Pago
1444,2026-02-27 11:26:48.817635,Cliente C,Aluguel,7291.76,Transferência,Pago
1445,2026-05-31 23:25:22.244488,Cliente C,Impostos,9929.26,Multibanco,Pago
1446,2026-07-09 01:38:06.973947,Cliente B,Fornecedores,8317.37,Numerário,Pendente
1447,2026-06-06 17:56:23.567134,Cliente D,Vendas,8982.26,Multibanco,Atrasado
1448,2025-12-31 18:16:35.591182,Cliente A,Vendas,11768.3,Cartão,Pago
1449,2025-12-16 18:07:56.152304,Cliente F,Fornecedores,7239.51,Transferência,Atrasado
1450,2025-06-18 12:41:50.621242,Cliente D,Salários,659.27,Numerário,Pago
1451,2025-01-04 11:06:36.793587,Cliente E,Consultoria,2501.79,Transferência,Atrasado
1452,2025-02-09 05:54:56.993987,Cliente F,Impostos,6607.18,Numerário,Pendente
1453,2025-08-09 11:21:02.525050,Cliente F,Serviços,10886.16,Cartão,Atrasado
1454,2025-02-25 09:45:48.697394,Cliente C,Aluguel,8919.52,Transferência,Pago
1455,2025-01-19 11:15:16.232464,Cliente A,Serviços,9771.9,Cheque,Cancelado
1456,2025-07-17 09:16:57.234468,Cliente A,Fornecedores,7215.22,Numerário,Pendente
1457,2025-09-10 19:02:45.931863,Cliente E,Vendas,9255.34,Cheque,Pago
1458,2025-07-01 05:26:05.531062,Cliente E,Salários,4968.81,Transferência,Atrasado
1459,2026-07-04 10:49:17.915831,Cliente F,Vendas,7079.23,Cheque,Pago
1460,2025-02-21 22:39:11.903807,Cliente B,Aluguel,11176.97,Cheque,Atrasado
1461,2026-03-06 09:40:02.404809,Cliente C,Vendas,13083.9,Transferência,Pago
1462,2025-01-06 18:31:01.322645,Cliente C,Vendas,6533.15,Cartão,Pendente
1463,2025-04-24 02:56:01.923847,Cliente F,Aluguel,702.74,Cheque,Pago
1464,2026-03-14 11:35:28.256513,,Impostos,2467.0,Cheque,Pago
1465,2025-09-25 19:11:25.370741,Cliente B,Impostos,361.87,Cartão,Pago
1466,2025-02-11 13:19:21.523046,Cliente F,Aluguel,9816.28,Cheque,Pago
1467,2025-11-19 01:15:01.803607,Cliente B,Salários,5018.1,,Pago
1468,2026-02-06 16:47:08.056112,Cliente B,Fornecedores,8160.06,Cheque,Pago
1469,2026-07-27 12:53:23.206412,Cliente B,Vendas,7424.49,Multibanco,Pago
1470,2025-12-14 10:43:31.623246,Cliente F,Salários,1268.82,Cartão,Pago
1471,2025-07-27 18:36:47.615230,Cliente C,VENDAS,6078.76,Cheque,Pago
1472,2025-04-19 12:07:12.865731,Cliente C,Fornecedores,3347.39,Cartão,Pendente
1473,2025-04-24 02:56:01.923847,Cliente B,Impostos,6305.08,Numerário,Pago
1474,2025-08-04 20:32:13.466933,Cliente D,Salários,3093.5,Numerário,Atrasado
1475,2026-07-09 01:38:06.973947,Cliente A,Consultoria,,Cheque,Atrasado
1476,2025-05-13 17:53:30.420841,Cliente F,Consultoria,,Cartão,Pendente
1477,2025-08-08 07:38:50.260521,Cliente A,Consultoria,14413.67,Cartão,Pago
1478,2025-10-18 21:15:30.661322,Cliente D,Impostos,6267.82,Cartão,Atrasado
1479,2026-06-25 05:11:39.799599,Cliente F,Impostos,12701.37,Multibanco,Pago
1480,2026-04-25 00:54:49.779559,Cliente B,Fornecedores,9450.03,Numerário,Pago
1481,2026-06-27 12:36:04.328657,Cliente C,Vendas,11043.49,Cartão,Pago
1482,2025-07-04 16:32:42.324649,Cliente A,Fornecedores,11527.47,Cartão,Pendente
1483,2025-10-22 08:22:07.454909,Cliente E,Fornecedores,7597.43,Multibanco,Pago
1484,2026-01-07 16:29:49.178356,Cliente E,Impostos,8172.34,Multibanco,Pago
1485,2025-05-27 14:19:57.595190,Cliente D,Consultoria,7734.24,Cartão,Cancelado
1486,2025-01-20 14:57:28.496993,Cliente B,Serviços,8841.47,Transferência,Atrasado
1487,2025-11-20 04:57:14.068136,Cliente A,VENDAS,489.45,Cartão,Pago
1488,2026-07-19 10:57:57.354709,Cliente B,Impostos,5962.95,Cartão,Pago
1489,2025-09-14 06:09:22.725450,Cliente A,Consultoria,9112.52,Multibanco,Atrasado
1490,2025-03-03 04:16:50.020040,Cliente D,Salários,8985.97,Multibanco,Pago
1491,2025-03-07 19:05:39.078156,Cliente D,Serviços,11904.69,Cartão,Pago
1492,2026-01-07 16:29:49.178356,Cliente E,Serviços,9842.39,Cartão,Pago
1493,2026-02-19 09:31:22.965931,Cliente B,Impostos,14882.39,Cartão,Atrasado
1494,2025-07-19 16:41:21.763527,Cliente F,Aluguel,4293.63,Multibanco,Pendente
1495,2025-11-19 01:15:01.803607,Cliente E,Vendas,5419.31,Cartão,Atrasado
1496,2025-05-11 10:29:05.891783,Cliente B,Serviços,5788.51,Cartão,Atrasado
1497,2025-11-28 06:52:39.919839,Cliente E,Impostos,7013.9,Cheque,Pago
1498,2026-05-12 08:27:53.747494,Cliente F,Impostos,12548.17,Transferência,Pago
1499,2026-01-29 14:51:42.204408,Cliente C,Consultoria,3575.09,Numerário,Pago
1500,2025-06-23 03:30:39.679358,Cliente C,Salários,11651.2,Transferência,Pago
1305,2025-12-05 05:05:53.507014,Cliente A,Salários,4930.18,Transferência,Pago
1341,2026-02-19 09:31:22.965931,,Fornecedores,65.39,Cheque,Pago
1048,2026-05-29 16:00:57.715430,Cliente D,Impostos,11618.83,Cheque,Pendente
1068,2025-10-06 04:31:15.751503,Cliente C,Aluguel,13513.56,Cartão,Pago
1480,2026-04-25 00:54:49.779559,Cliente B,Fornecedores,9450.03,Numerário,Pago
1486,2025-01-20 14:57:28.496993,Cliente B,Serviços,8841.47,Transferência,Atrasado
1311,2026-06-26 08:53:52.064128,Cliente A,Vendas,1970.31,Cheque,Pago
1032,2025-07-04 16:32:42.324649,Cliente F,Fornecedores,1349.53,,Pago
1250,2025-09-16 13:33:47.254509,Cliente E,Consultoria,12908.9,,Pago
1091,2025-05-02 04:51:27.775551,Cliente A,Salários,6359.44,Cheque,Pendente
